601567,625707,484721,223440,535952,687708,399350,731721,136502,61941
298990,857255,488507,94563,232173,323163,661327,258615,898227,87163
436448,808471,744196,10391,223549,497228,687160,804816,695145,699169
607184,176437,752461,361727,477505,893434,727544,680515,97025,604009
771159,578763,875245,217994,473653,620698,337397,877059,857557,117071
120091,306904,797081,473477,155302,598148,72205,423732,149859,41815
143104,558893,613643,291282,113297,125404,633733,123727,419982,570192
846157,797376,35223,200485,569085,218534,659377,117953,581822,344158
719362,776743,823648,75038,206757,35185,12139,99456,12734,248664
53108,243967,50127,40486,821543,218421,371780,18168,546417,647633
194530,800914,503969,787522,596405,579344,139364,387429,220009,866288
60103,179416,414880,471009,374958,159753,703343,172293,543959,205949
346023,785899,20697,285634,855285,762514,168776,712746,889221,735267
164813,202536,181010,260036,879621,103735,473912,302716,362212,447477
198735,454800,73540,741203,150087,630163,352472,562521,426856,801036
21625,253486,219555,865352,499241,357007,369312,843373,795173,93559
789271,227504,750788,192334,379313,218874,177942,146211,796811,784079
499577,687343,468401,836380,647172,197799,465293,498158,178027,494049
505734,422741,835177,878361,385352,255448,864980,141088,344216,429985
290818,195856,806394,282360,94576,675842,678231,810422,853888,281782
58575,550426,795931,801659,812161,756568,37571,14752,59203,781397
812509,6542,800160,381422,246829,178270,186431,875748,110969,290424
371446,607798,664446,488556,577477,247891,24012,428038,481050,347589
723707,457255,393001,447015,308833,124860,247551,686692,224124,778222
167760,379499,104305,687759,374284,273398,123221,265708,373065,89796
842207,312599,767335,13213,576979,433973,465937,765551,430291,413169
532069,762650,476212,755317,99083,272381,357083,651075,485727,357541
299255,892041,80192,47078,34888,46772,30591,243071,618236,788901
697821,426820,80195,626352,501701,521251,247607,95319,272549,486996
768982,5917,664187,894758,273169,524120,294150,752518,325322,292965
521208,23268,59920,575760,754476,443117,467655,648082,846220,704455
187019,608896,699419,244841,358185,227177,215852,481150,690839,354093
450040,864875,45216,72290,378290,691661,308152,427125,317546,803131
63831,246542,592118,76088,400642,850012,569160,408342,301116,68393
356667,558516,621224,246107,733582,693134,40102,850002,166061,680702
563511,281795,766785,101545,607833,507496,165863,40953,87326,688406
233511,625380,666947,221591,570017,346167,372563,397003,657606,728118
71069,888118,665485,133854,881026,663587,573341,563541,565036,347383
221563,545697,837816,631319,226535,112673,578341,543858,273548,251229
99529,805408,602235,59979,256129,358862,76774,861498,874531,554611
268054,705779,850358,879330,220942,702290,176748,695178,610323,528881
783235,95272,895491,312165,296980,409116,641761,358651,333198,707789
765304,664195,800720,681677,265871,739944,590768,70150,372523,271329
382986,652613,777255,166747,78693,272321,769729,473335,813369,324212
773404,136502,139903,588460,185852,782156,386839,474159,232888,137347
260749,30677,784703,256022,137413,244465,65175,626022,729567,743681
153966,684585,678774,406928,692271,798068,725675,881653,397117,107552
112150,93508,387366,479910,382816,447347,282919,791437,53727,129426
858654,586463,385699,461471,442341,780145,707640,843425,758582,44494
220758,601274,599223,594409,842861,616566,329769,144436,472453,117128
706773,419017,13689,669462,271937,285400,555910,766466,489919,810353
492819,165024,6715,399962,335142,115472,819305,594024,680372,91024
122117,161647,385883,696718,446448,608319,3522,536599,616197,263141
669702,34479,598117,373931,685738,72069,333425,777608,143255,706620
465550,90121,825820,411996,728938,342911,409333,17247,483322,528566
699509,38203,71215,82513,571498,618742,519087,418400,315332,714391
721067,82272,829116,854325,170213,634027,434620,654926,49663,302740
282375,714688,90455,365901,273369,468649,334021,854599,310543,352739
57524,70364,386633,92396,594221,41928,42466,410605,227158,300432
715626,516239,153988,39604,451411,773716,868374,378330,86986,682206
373274,407645,426054,412762,586976,332701,301063,362047,707612,133131
436590,647959,659139,169822,493074,215000,779091,75283,38873,489301
228224,141509,492927,158476,14533,58324,158775,545947,172248,303635
750414,310496,442277,613204,227836,790943,825826,609208,709003,136304
207844,114679,836776,726522,50812,240737,831131,829408,678177,301042
597006,838508,137683,514499,528028,8326,638170,827229,646259,413888
240946,224715,59895,159041,709067,425080,680113,881426,889119,397721
641569,184062,798505,509268,438595,287072,647648,77031,273300,533545
491510,425981,272240,857717,750187,8255,245332,209041,703011,503022
804335,354487,651210,214296,260260,756914,809243,581670,386775,895561
561986,735834,35468,853900,309442,284191,790138,896129,173880,146241
691530,22762,389851,113623,790214,122212,317925,745092,450374,380959
218375,426473,72272,160059,702721,19611,277789,141066,616336,11614
666805,832472,336132,772584,542821,172420,698920,95780,125508,239503
876675,327558,26691,155241,569518,190981,481890,2308,569174,763115
752768,592105,400466,271960,897123,618653,646109,278352,207609,703948
366050,403693,539919,652305,97911,170738,738680,386922,619754,497734
669632,820217,334357,736974,667048,191554,482335,786001,241930,628452
710337,790366,820414,705494,585482,859164,558197,529182,107043,487939
572781,765307,198390,105429,859601,368760,476346,179626,601617,77987
89160,96279,42654,630103,887708,66685,157140,16152,221650,191522
615233,485424,517310,801694,472789,340066,533228,152916,744706,338980
760338,197556,375210,772682,223855,673360,453234,300703,562776,658381
733068,562309,315255,450558,712377,719603,364408,93967,474156,659068
842448,537527,774564,230125,871050,530182,252643,864553,341172,176433
181993,424646,532675,821284,649582,183325,477246,432039,206098,187067
880698,296187,759186,23287,115269,737298,866306,833755,93968,514255
767984,322609,10997,57672,652456,329813,417105,888072,182873,81017
899938,336520,710478,778402,717764,392627,44737,24478,1120,116830
142633,490898,682482,746782,254962,617211,62262,216805,227300,491838
899112,765361,309199,714762,435254,70521,424785,90280,27470,337556
29179,545796,238143,855497,559525,230189,556374,110058,327877,148879
664150,147999,572950,525993,429696,272566,525947,724397,311501,278082
414568,221166,734992,220639,32479,440658,658331,50196,427412,558973
687704,186036,891067,235083,159786,214225,822178,227174,348364,105432
569249,472779,890577,291298,255216,283726,565646,61634,893067,546679
839846,43973,676042,499456,142474,733572,590712,403986,476073,809972
24115,385703,644847,869878,446402,816920,596863,409635,808229,275999
353490,392457,347402,505139,452977,257680,509373,601103,239752,409007
554210,548059,720278,485706,408527,433050,799614,769423,407166,95224
480528,614989,606092,570967,330040,453354,534428,193613,437904,529151
854021,899873,5995,818274,162769,74443,333740,316124,384630,480524
262286,104253,830027,51194,517028,450738,752424,201946,419899,269905
78648,298735,832171,499269,683852,443617,790191,325186,643612,540942
102725,897068,848926,883576,285855,529010,510973,62523,16776,854467
809484,36259,790180,97917,897102,20252,874275,883101,286043,809454
160640,470434,827259,649378,110461,225023,508572,108174,424141,268539
849598,189513,721989,593810,145382,99604,161247,575663,420656,130342
2998,241510,875432,550721,519674,189513,364539,108798,381214,820143
281709,149873,30078,478003,17961,438795,829268,283043,628341,762318
514417,691724,712884,341829,19638,606680,813721,580217,882973,583389
225670,664633,804994,185848,777035,186057,872601,681932,433539,626334
605731,319048,52988,385970,126800,785852,432166,325959,240976,16154
809997,682471,190695,744502,242537,827479,80933,550635,727492,115071
239758,26075,63248,425053,150715,866908,619215,233786,654872,528950
46467,567415,894420,531606,50590,295651,849781,535474,249055,552394
715899,877318,58920,8887,57966,181670,847053,196007,142052,782552
543459,43406,335171,158173,785500,176410,424998,60073,576358,102059
162413,123712,511677,715027,394415,323045,863513,264092,582664,471492
463976,736035,127658,353532,276413,531335,620263,813555,719537,108532
450375,351160,33958,416003,142280,772836,459542,626785,895503,15052
181708,873875,231914,790354,325605,134397,721048,211158,234308,843335
504801,682655,235266,200728,304409,172573,715247,324035,555587,196412
492421,610176,105499,216839,800874,37168,569124,780024,528041,489000
673740,458953,28655,2021,793120,323042,332627,472722,73949,722925
330171,88983,268822,386071,635888,415789,727026,233830,185595,332097
866691,63469,398148,708020,521575,215159,778126,194705,775770,598723
225979,47364,305148,591165,772529,878799,747505,289354,559452,645857
370147,404995,663754,465775,457431,714389,161873,452345,565068,117007
140172,857869,537283,332240,82731,693527,815761,674090,6986,712748
534982,352831,507423,509182,271040,393769,205326,124906,747421,269080
834778,640080,851275,787293,185156,12338,15789,731474,803233,484816
541481,747915,46678,237816,752573,876781,115859,403378,580120,795629
516552,425863,23808,315047,336724,492579,571497,455559,47677,573905
530859,419511,673212,729924,756676,464843,631195,57915,729793,851790
538757,45142,681014,341754,19864,125801,480072,562889,432736,250167
33859,588124,560687,22143,171671,278114,892554,496824,877421,739267
66252,404736,300323,435119,553914,544923,242641,220416,665289,152699
478436,163529,302673,325284,878576,389682,691550,608320,720881,458312
376287,885416,718612,633192,150826,310787,885274,5622,773251,854140
659475,373550,470607,453229,228376,728366,539471,565102,175516,21004
530211,257095,435510,211630,79938,792325,583249,741064,80548,496762
58045,319451,899325,818644,303075,524450,370288,299542,167795,630093
629808,160522,83334,753484,549569,823763,661169,759637,866379,632699
98844,222172,569679,431347,254999,875015,691035,686150,398974,589106
887829,479280,359069,747285,601463,426411,350292,459553,710277,658536
689428,738204,783635,823900,221961,574551,379702,223516,531892,257890
644317,8052,390288,423966,221291,826094,578637,166719,461888,864593
639711,212347,25722,214131,564186,844709,635269,105311,720826,580519
548406,243419,598355,344891,519477,736857,336314,255704,813356,702907
475342,438287,798618,899883,547831,470668,654623,538008,771993,181278
776183,789657,867948,142458,633354,849859,662583,84201,19816,673333
33163,697478,571629,110359,33594,216611,133722,169940,640068,79666
847150,493798,672569,663273,47199,197972,507813,166785,337609,893607
524508,186869,15018,418228,505876,418372,16404,274186,447412,511648
239547,737461,408496,370355,350846,622545,825302,475433,785407,442868
625008,660242,625163,543156,175513,596575,883524,597793,60027,545564
244698,705270,673560,275329,541711,861623,888546,281720,686858,186430
864265,244030,304712,161149,498919,270961,441760,87300,83992,144770
375490,585379,287468,620691,677082,497858,129413,100564,807367,316834
850939,433461,116087,124123,8876,198100,828487,99637,13990,592139
588603,202185,684197,44287,162887,540065,873908,111048,536882,498070
547998,79292,8041,403954,142140,176067,753585,46730,91011,54868
855170,227204,537751,187896,507865,882183,863090,796020,805967,18579
867796,279585,644851,207348,659878,25994,797396,128926,218169,721555
332777,305154,385466,65537,715829,156196,487645,290153,116639,38165
560110,148556,881084,578651,386672,650573,636176,228125,164548,291148
242299,888757,239608,467838,747569,16626,611911,363907,561663,724557
529988,538860,96357,472794,579157,801674,71924,336966,418911,178420
526665,219911,381565,230920,673660,310645,195391,707807,236780,189190
22196,701735,872219,259603,777157,745524,665614,340037,663788,229866
282624,574913,493251,752800,702336,73136,41494,753682,787213,647207
110114,127430,84814,422291,78495,665290,364062,370673,140985,213943
779728,107685,128711,659916,896487,765246,270838,564628,791388,293850
308113,776584,543874,59965,17318,472946,837584,890155,500745,470275
358459,653991,73314,150213,261106,649802,562949,7520,366648,235141
705863,390958,211188,58144,858029,639152,713510,361872,36853,23409
678801,779663,87779,7931,759201,870655,169861,656807,780797,462927
682706,422639,724929,578501,649774,279887,469547,72167,541027,601138
644880,471752,125681,366223,898756,805279,739229,658152,593038,478174
671491,296747,773525,454323,216148,439351,199180,121984,683019,547820
586005,139512,133520,5707,475971,872226,105481,749269,603498,447821
889286,790665,452057,490382,291521,171481,751924,833253,673483,706064
730844,545208,356246,615590,287229,855166,804646,113310,313599,312722
261462,377966,682170,23264,208624,678080,595775,474059,168868,211060
773077,357387,843827,305851,62458,112723,232298,449462,243293,531550
124252,717642,434131,332719,804967,804492,423825,564347,869998,20463
23268,272412,78482,367974,480397,364190,12050,34499,295516,59063
476317,627237,296899,127506,850873,7823,896324,325261,275868,597709
654374,96429,561363,612604,108145,13048,42854,117996,134279,879507
653824,335079,652818,395796,325803,295500,52881,740577,723169,300769
635037,8646,732098,617296,146233,307228,892645,119420,258739,786157
256343,473668,721005,484700,837898,720407,864668,507279,150521,463344
465248,528530,266831,149159,440646,552885,150371,455641,820661,257075
647413,629320,794649,594395,513734,513837,305841,827645,219253,317360
668906,801619,558607,865644,755961,139484,11876,627202,183058,391983
177382,667366,158611,266970,190113,328829,478039,789513,433211,809230
695092,769926,228269,373205,351451,792017,582411,187491,841016,864982
824992,286514,595067,660062,839751,658318,606853,761434,876493,536698
748484,148756,421283,46142,3975,211530,331572,643488,685925,807783
764874,638507,865769,701171,120057,27902,669215,700520,516857,146256
625098,239213,593978,785838,418302,270036,138200,624618,557354,865267
241618,662038,663375,64832,774578,748983,193765,702739,754855,215273
614697,738195,586771,870191,724639,88478,843215,268460,284763,383105
657187,494271,303348,435284,154976,250860,780160,576847,874244,319242
239588,290434,878039,791588,103215,197265,568751,621084,518157,770864
661348,324437,448957,659674,396881,400315,799222,466798,722183,488229
301608,261717,243513,273672,692444,384192,820196,125040,302930,585240
117380,266218,330315,348002,243298,213456,894647,595213,610974,162016
576779,702126,846839,58024,627168,502933,123346,59961,291557,449973
104835,337306,303831,386751,796986,180760,3011,128148,43892,598900
528952,342683,318224,253997,840589,401240,47919,226808,652019,551391
613695,623169,59644,743494,119222,464509,526022,733943,272168,506126
559914,209562,752633,392248,622543,837995,768574,295821,829911,52787
790232,859041,394308,203692,112077,404894,724862,405363,848640,882031
500433,404918,765757,835270,309651,75212,529777,815562,724858,64854
63410,420178,535963,691423,898968,642383,198112,152624,455345,571593
802938,51902,175889,698561,42660,39470,26805,353112,230255,302575
325319,860038,15427,740092,492282,249201,452739,137335,410694,183023
276626,619540,250039,272400,42857,358025,634291,277012,263343,287515
562151,362921,583955,343459,734645,570646,772211,175138,859389,826838
16227,668547,132004,706693,464060,650745,699890,330006,536475,5757
850373,579646,665826,391780,263461,730209,330740,173037,281329,568371
499192,105879,404122,106626,877330,739048,444171,269731,23165,870110
801263,228589,119605,181861,357319,212887,141124,310550,730033,616694
147372,319731,69969,663193,851694,758026,440750,585433,388465,526300
575814,271079,547856,146767,622257,234547,262778,610060,496121,458267
379198,729928,355959,514730,341742,795119,91526,57282,743490,479013
9609,499377,512588,733141,99477,546703,32496,48770,46027,22379
779576,125222,340631,259936,169755,846991,810747,693445,461212,638619
306539,511472,867997,328252,371617,344572,723516,733752,382820,91409
326473,639159,233164,652097,759972,180971,715144,516359,343857,23713
642927,632652,237379,810379,798976,709831,437889,423470,326930,835375
176006,11986,540458,433179,411622,305618,613806,33478,452400,520164
395614,186431,325975,34737,580951,160264,806384,828375,495336,314146
389200,296108,614798,275856,177625,620096,555553,304806,612832,142649
883821,213158,153150,631473,751452,117703,711588,643426,133432,698321
102239,36748,443022,804170,691216,99316,729742,247687,571004,169921
724101,493644,897567,355034,134040,378412,180032,54495,3378,71352
193397,524745,881136,348443,73712,132738,311462,712529,123318,206785
8572,106861,508044,397390,496257,850927,663643,155292,174186,890392
780925,702630,14925,348088,285069,322662,778612,537268,251338,342331
160851,248523,35594,736818,309989,253427,869179,112660,574432,564811
820424,863467,123415,864263,293295,542519,417244,485631,208047,230046
823099,863511,72135,4461,292178,563670,105341,315721,829293,212020
732911,720376,575460,771873,439488,788432,735578,388513,367063,467446
816396,316341,636483,191409,627708,630685,23576,142447,194984,336382
237350,226457,514696,112497,638585,36066,865246,509467,155343,333672
669717,495574,365194,207801,663504,69525,692152,118837,649926,454441
137259,474151,800033,853542,460402,349067,781448,716315,447947,87621
468417,739955,145541,224585,472862,312875,389709,538086,91319,127868
199803,111168,310292,187675,185756,411086,789042,359900,740109,97570
658835,694858,860305,449149,774455,220057,649082,746264,696012,523178
598970,39507,386243,645629,584863,258306,317942,87947,508466,378651
102803,879972,303182,393447,17661,892625,653815,597112,126682,567228
479779,753870,441597,786250,252648,437459,544112,183650,787849,645911
385230,834973,112468,811715,120550,703109,456504,281188,829442,821447
647665,366818,598437,773668,192627,871468,698674,543173,581838,38958
583910,735078,566409,2808,638537,760530,781981,456886,71254,31687
632011,527474,890707,882239,328561,173245,170998,648462,80600,256498
247276,747723,282502,167092,209178,352852,520655,555440,588993,589373
403114,487333,181703,166913,553824,551675,526957,58044,215672,524313
240407,64266,875143,471013,734494,876725,643287,815332,264136,742289
101577,896269,784859,657879,191521,22866,2621,11673,152799,53853
399305,454587,700875,734832,638467,181648,752345,779069,834965,637996
234179,721003,289476,643040,124472,496328,349760,809292,826119,77520
428980,89823,171367,814758,849789,176264,465380,176840,812402,151554
392762,490720,829535,376282,380667,298294,382256,891869,692382,44482
232220,180627,443534,883981,873466,514973,629874,35657,566440,813207
506626,765278,245,831114,95439,123189,833481,683735,526297,152616
517130,720184,620552,725237,308627,863838,338343,812090,301302,796183
764571,742165,406948,822248,61821,245722,391542,692383,857858,579471
295539,477496,572388,67704,161738,134963,727682,113366,682183,74109
762206,522340,808392,357850,572400,358701,241679,242915,541698,661340
8486,295155,429431,733803,476649,541710,652360,871361,221829,800093
891852,721995,602692,804667,22844,429976,248975,17782,345602,684320
545266,834638,26756,197051,26657,515621,350980,381693,877365,672716
96522,378566,161695,341059,214461,552477,347524,196977,300401,175971
419254,722507,202021,694341,374278,6296,827432,744972,257087,29624
32614,462873,187486,609363,262037,226855,628449,544804,393275,678851
826261,263363,738946,627973,825991,163220,528418,316962,42622,77453
806404,484491,883864,431101,87352,301406,404406,463804,439130,707149
302842,344539,526575,341694,180355,143402,669286,521557,507315,822324
671946,800502,473228,414748,287634,659590,564733,857797,385093,121055
175261,597167,887030,656932,865824,259215,479774,825782,759394,591676
158871,96132,764208,116312,893393,304377,867034,689497,897563,637812
811188,46036,240210,820713,180991,249921,164604,355187,774902,633521
770822,663682,882987,634339,129337,829805,458170,735366,132535,847901
461254,863436,691003,794719,415433,39711,693741,114990,866054,680147
493244,29278,418611,161570,424965,384387,102307,384551,82731,535202
875939,190829,375091,118901,438201,210640,110840,815690,475360,270760
634133,257653,523092,329957,773894,135629,864400,279694,840153,453420
263582,346711,4645,515550,777411,635547,622049,9087,703048,431448
305530,247165,526008,380497,50790,8611,454328,86364,572999,881648
890401,653266,650253,677116,575646,662840,661156,663048,687985,115164
526445,31115,522149,647353,775849,140034,756603,312946,530275,139783
425012,781657,354761,459097,29138,140057,20508,521681,632051,752305
479991,148957,122834,651316,885027,809015,731186,593252,696773,261873
474049,292951,236575,597418,204663,288470,153359,456385,410802,660931
806252,90889,306582,462021,61929,550969,277518,826162,492721,400634
206894,885127,131902,596762,566696,767820,44969,46200,564118,711007
426568,851545,94226,773922,208076,756161,662437,627692,365006,119640
5387,406424,488900,814928,542808,483974,783268,580774,38402,839430
719914,629811,115221,287136,242896,601592,856410,855256,745988,247583
816659,161027,142239,260365,650308,16975,140783,742922,224847,21458
754893,60379,835263,131489,304948,767107,35735,677282,58479,449773
816088,377780,308925,751404,409209,771165,177507,51018,838419,532720
695022,763247,716499,887842,570236,673610,552196,775966,444994,370576
74027,689106,688949,771322,271651,650175,448038,264299,530789,286781
365651,606434,768095,363773,762108,534619,358614,730701,270971,822953
149576,441780,875237,222291,116341,629113,318554,230542,762602,322854
99549,827536,580946,266492,326750,589701,98107,255062,447035,730738
331691,39362,363299,201462,237660,664743,81640,278676,250630,801991
668323,85833,791569,781220,17008,549423,207179,572978,687631,350151
500632,767595,252761,226077,116173,646600,475671,785643,91904,467911
187979,179690,79014,32040,419860,712002,565526,768612,52461,220346
368610,137494,890540,242856,492891,431383,335287,223612,477140,648968
40647,76303,608773,149135,785788,449776,617297,329439,734241,481153
669055,669101,272885,505089,300145,817445,899409,480649,181410,843499
138478,151844,119606,843371,554362,122813,235074,399791,869468,688736
629667,643569,593797,263279,483094,42514,301402,844407,341416,803722
29659,20312,124917,549338,404144,673410,445858,150952,567504,97366
380082,848514,657639,430224,397089,326921,444474,7859,340626,439331
896239,756232,118274,121191,97406,430957,661551,558507,413397,625231
294105,96078,510348,776461,496328,426320,595340,350830,659674,215935
856715,258631,33063,583108,603970,205705,379760,514400,389092,702935
347014,584156,446586,228596,760924,506445,396021,137687,557389,654471
777254,106894,585689,56013,12634,242636,145978,622999,640193,810603
416990,216605,718968,461748,204747,450616,821437,155631,14636,113801
429656,469978,508419,413701,114041,114949,598526,471835,656942,840173
577357,280286,573455,642741,590865,765878,787784,569026,449527,491987
854102,722827,756751,753,632690,359171,282794,189630,230820,297092
402877,66492,114478,526578,770179,761866,620976,442103,638507,33381
484140,522573,413291,359284,516937,340623,602751,119317,136084,755413
652803,307151,231027,882745,780874,348015,616989,557630,607399,414014
240696,503952,138674,725683,59722,115657,633159,331245,88983,853694
538931,596253,196217,716914,269609,678967,797653,444772,782598,671033
773067,471586,674244,137895,16301,453887,405132,472194,678311,619595
145523,672843,757442,808574,652205,188232,480626,601180,172594,681574
16516,826103,742349,630722,832067,354372,486359,306733,587934,418185
435949,430886,120804,545785,842965,688885,524851,117264,729867,209862
298206,142845,130599,234856,668693,140774,643351,227405,445055,464269
568465,584988,374840,258850,183178,203751,280370,663695,783302,170042
282483,84078,75481,355483,271891,634665,410456,234881,103852,430295
200024,789833,406430,228102,164817,71772,800850,804416,430924,176778
131307,227649,469172,810059,712447,468097,714845,165398,791096,228156
695734,279989,12124,424471,113652,781619,169375,829083,805259,20755
20420,222900,618310,201010,433450,817101,660626,144092,303071,881434
485074,48988,65797,381137,494142,516910,33002,131922,621532,845356
3328,676094,853939,587614,882370,179623,552353,794294,608025,722009
630679,720238,647631,550725,768207,782249,343114,683907,358667,262012
435990,536537,873062,378812,4439,123795,609022,836261,708313,405576
656973,514027,787963,774349,761785,477611,300040,276141,310157,611582
549902,17084,231341,273620,633528,135864,656076,67205,885928,210231
243870,585634,114648,239916,611660,126256,508625,142762,246132,708609
800960,580660,276893,132586,74018,369150,583556,57813,655145,153173
333767,489209,585458,789709,114009,353181,162781,79057,807865,734478
88750,352019,142016,529102,409985,654606,673392,809946,789271,876592
750966,814727,322943,218041,23296,886317,401719,746231,584383,828037
174900,641411,494686,335927,170207,375619,254625,653901,264031,635373
553224,793927,372441,584210,142297,379085,167907,129054,809624,451647
870484,66126,497956,184694,185103,831326,270300,280815,258776,88276
651298,682945,862862,223654,252067,862899,360127,780954,443466,743618
478620,725666,662880,255359,886653,237674,288620,392715,695630,899368
158946,500425,42020,329968,694528,852677,516863,836771,126060,851018
588051,676519,690460,321201,468824,418713,70117,146800,744844,597710
2067,540608,775057,74856,594022,483007,202044,494160,501059,230102
212111,789981,138414,382172,64186,73777,494951,486091,27394,797351
589327,640460,366514,744113,180717,21143,452523,297160,7738,204330
752124,89264,78722,455914,524350,422756,344396,201176,650109,324712
60092,571820,288538,71179,715373,324407,4179,600824,426722,545605
658282,405166,517897,378864,466099,610986,329356,399812,588095,341338
599805,556084,453041,710631,557698,610776,549963,543824,273,45406
139730,669109,171466,68399,61727,29169,28665,566428,108794,542971
483386,376828,152484,291172,729828,234341,721137,710676,121117,135317
690433,561339,331279,656356,487746,579688,480433,442493,113503,494042
348236,750334,48704,439372,401438,582241,84473,469722,817858,706753
101746,134968,654788,271455,179077,208462,401305,23299,558743,554232
448156,525067,13136,653599,527213,381357,338877,534374,548650,837000
606201,454376,881588,496724,170879,557046,758600,245393,41293,331991
425575,627268,704540,3630,553127,355197,789910,109601,125248,311778
471144,281898,538211,483016,103524,660479,207690,881947,868362,871257
503366,673868,16094,320439,441933,51629,408981,63440,718450,16050
543614,158788,197695,662817,350984,686834,427121,97216,146114,431281
19696,197630,75485,747024,855735,457467,13533,353748,673842,856714
48397,95977,187925,783029,143407,350039,533762,64345,465193,446273
354600,98679,646489,533239,344405,577038,67581,656906,588258,758827
895947,384394,590632,190937,251973,720685,63364,377729,726825,368591
158815,666360,254807,752844,881440,18848,219698,290154,246096,506254
53048,572380,291269,45649,500894,854085,433230,398474,275406,475521
341729,434655,854710,490872,736384,361260,403061,109136,288549,56864
731196,534521,355602,245674,256731,371155,615093,641909,97033,400553
192836,211207,515742,24604,887136,47782,694025,152739,124465,770015
121129,868906,849761,321602,409885,287762,390861,434260,124251,782459
650789,586603,253802,796403,431979,852268,300039,817947,690068,21814
439312,32029,441654,726981,24270,140540,21423,842425,197395,883062
435855,7958,760550,835221,825161,200235,652194,486943,415864,823099
497022,127297,29318,208115,257921,501939,660666,678880,466338,32295
879424,624526,516108,623492,510143,94880,353613,419826,466992,181138
775720,856109,218875,358796,694717,491055,600949,42363,643490,818772
311133,557027,57745,164040,679478,574504,363008,730852,330805,383352
15276,472940,705775,184610,822789,147886,552225,214708,811589,758733
157435,545379,141371,178663,431562,785393,117505,410025,840049,117994
743192,437571,609002,55759,721822,351758,170587,662416,146683,275863
311054,218663,481975,855949,293713,843064,354097,649943,437533,60380
893032,59857,531399,811124,104602,86215,851050,407097,87820,490158
809208,848154,816294,264767,423125,41815,22478,119230,19166,235256
755800,293299,509497,259986,699408,15532,447877,327167,796998,403992
208867,369569,357780,4749,106767,663183,780441,456595,185756,846907
156879,262388,713874,583434,462400,276601,49547,31083,434118,346984
433135,339060,836381,483080,46522,497869,177286,175678,203618,743211
858475,241506,433446,863418,802903,465444,6693,323638,776828,884439
36497,852398,848501,884301,514185,91675,800827,691732,322090,331783
509402,427560,742980,513989,170573,522459,34045,846276,50502,544452
164740,56295,814939,846757,784046,626661,443429,741828,639140,293273
433574,528663,408020,582910,350048,683973,601828,461903,682229,790598
373226,201463,824571,125138,428997,66015,325441,345229,399814,75782
21,592847,322277,760893,795008,760430,220267,427359,238912,575916
584735,379785,161210,216730,394257,500821,157080,178095,576094,405903
11940,316206,22789,735012,695903,440907,251338,732393,64558,602250
473785,292884,691688,61799,524479,103964,268955,144224,219304,806203
802471,842900,563107,158617,751324,178412,354780,14016,858048,470492
131074,470291,469883,412631,512995,499904,456869,152632,620551,269923
20054,220569,595838,365287,816402,426082,867303,687412,469399,312450
401183,485480,858649,256602,203052,316921,467813,543980,522264,154432
416854,625759,176497,413542,48400,317812,103143,378538,680420,215915
74925,464401,127601,495957,601014,682962,364505,885779,421000,522573
837190,773593,630416,323089,2054,291687,155348,335395,741975,189428
519544,589933,677069,239345,750517,728413,397848,114664,302861,81780
608166,274211,54903,15037,39163,265811,526835,721981,683735,112547
124444,637167,808583,570479,868608,754487,856798,790581,787426,54881
106890,772051,267763,636841,378724,295524,61264,325651,188697,807532
745306,828017,690795,489190,402862,438442,558948,229235,291915,413201
565062,81115,70165,678518,697623,471665,310499,500476,230759,177712
727446,632538,801112,695703,639642,665262,62219,146612,396612,825313
45616,814809,102791,837154,96023,291401,629023,418558,132999,741043
451306,121171,191491,624949,874110,876875,777129,822542,416485,25999
212807,258926,426676,80757,16212,327389,238680,252116,891885,650861
554234,653260,479400,563282,752736,6188,712922,823388,497793,706164
318059,684030,718453,395549,375470,395725,848711,81645,880270,222600
467616,278234,288701,563058,667916,444582,211269,609836,736524,621140
542548,73077,299486,469709,870756,437660,136894,441835,342844,159570
255293,596499,11212,243338,35652,372775,584005,651733,96126,231793
403443,412896,611929,195063,90367,270414,715150,25494,311519,204008
425399,435863,667635,348699,123164,649774,41624,824063,412699,538502
525365,676500,655896,231192,431661,866375,385781,766784,726380,193954
105023,519243,470625,367943,330507,730,355816,26780,458011,265549
59994,96454,431170,725687,157264,101410,188393,295053,558265,721355
145668,741969,525992,764869,324296,408758,860346,155632,665050,264227
664096,388279,406072,373012,109491,788001,788998,867945,201121,202786
462323,418392,7454,682373,292000,798987,842221,414599,151851,453101
705833,344505,213842,102361,454890,819349,345822,861778,672221,758654
683483,762451,752324,876621,240834,195322,580433,655812,540854,118245
898460,853281,53330,843442,610595,690742,425674,575040,13554,468512
1599,714446,210115,761266,228660,235474,538011,225992,510672,483926
473685,445835,122428,636195,850636,104348,42229,319867,292471,124651
399955,634565,232747,73267,47377,190966,128813,195421,621869,803134
119770,691578,317928,435449,644257,875462,846421,871321,219668,240261
393644,834860,787059,556427,207943,663098,52005,215630,678812,839808
764095,11652,298988,550553,6893,440452,49061,475961,30153,405948
349373,686468,450289,430051,815285,509440,691744,354255,566075,241661
270365,96582,189577,240679,266622,169472,678254,402340,151703,704090
44824,803348,883448,215780,45,808633,108912,162405,583998,469443
617242,592726,420997,822880,160046,436846,326896,835760,836047,436260
236811,291776,71662,22567,260312,643342,736255,553416,497109,29677
699838,769019,123355,7892,868672,427446,888281,768626,172435,847914
735179,54824,544351,188871,492412,185618,222630,87828,758151,191680
146988,819536,25732,750359,113354,12847,196269,833376,490010,826429
22802,230455,100020,692189,276696,807975,540058,332719,125761,83446
225281,80231,731276,829419,615587,223110,518551,535936,184485,34914
231239,212166,533481,413287,667192,533849,166435,173240,615602,296359
32450,897629,284819,282963,261719,551496,211137,319589,152872,832700
525938,382865,108998,478814,687456,138219,124174,218393,612231,266108
795953,542775,337534,826187,423082,644842,245259,668816,565384,533695
87797,280617,517417,358519,97241,32672,291381,343763,285723,781397
242165,601426,352841,540942,471035,62657,806518,223730,151172,801817
101743,292537,63339,408432,793149,827896,797448,22479,355283,736621
694132,28846,159253,26921,112629,595856,734264,43225,280490,266055
394324,138387,829198,889040,182814,83073,373231,797184,888511,37488
273845,848876,884335,635498,667784,560694,787300,530590,623032,320651
156689,895048,674441,747327,306877,287861,90204,264649,124996,176358
213395,817836,246556,340413,521960,365435,561922,722262,785287,423971
866406,527905,32366,696747,220679,804402,100373,369302,336275,167686
528739,806652,12013,141139,755545,854044,448706,568510,639511,515357
489948,325270,35342,212181,222032,439088,75496,609622,739511,513506
843172,173121,865883,801015,59854,281481,545302,485327,866224,176215
430266,381170,616741,444417,570171,345590,350433,343829,842346,608122
3783,370972,105732,826165,364259,264451,570603,87748,729934,390471
542270,383424,129034,755904,771080,749976,350684,168906,322972,483404
554105,545203,238670,327077,484910,176635,479058,185589,384968,432041
499384,244783,170608,256464,656560,567855,241675,334496,218592,698257
877010,692693,186485,833704,155372,242163,207578,319218,781963,871888
371336,261435,706350,32713,398624,873386,179559,424289,671830,34257
822653,373377,353909,369581,456878,500323,707622,573137,284784,654416
296159,405488,190521,691025,731139,816116,386767,289845,47539,434318
82079,766942,852648,219964,451386,19998,704672,442895,257608,19324
165979,805536,485315,882790,390086,138176,475765,492320,799708,111876
555296,111362,757504,243965,656073,587303,170816,762021,189736,18558
528762,655438,509513,228298,389517,759756,221148,396995,422014,227926
316370,687395,686697,398575,531895,654063,4641,62441,164911,203660
557880,418394,832508,366791,68462,402484,541985,563972,127258,34592
272822,833648,884012,431992,891519,49624,48603,838140,377498,592842
93507,677906,847291,114062,434925,349839,425955,589739,755492,183464
203674,573165,749816,410328,539823,531718,76832,178015,551668,802447
688643,84683,548783,123574,196024,481518,666159,821718,132717,65
393406,588800,637031,812469,521667,393420,496399,101975,134783,678617
736522,878770,611868,4389,161650,409544,316376,298390,179701,702328
37379,412324,339061,736203,271389,788517,889979,472787,542374,852925
342615,537660,96677,20636,395177,21390,315940,757484,381339,249350
509512,353563,843365,629742,792896,74482,6243,715235,810768,583112
774925,536893,711069,567898,725279,147308,120277,514125,862549,119980
362883,730253,377202,798144,381221,664905,371704,580305,522473,616049
461368,671155,574868,616158,633351,302254,165692,89211,307429,550456
388150,807318,503053,337099,860463,697387,651071,273689,868307,315267
547424,497359,164501,515193,461014,258077,129090,678873,199047,382593
619057,483274,128839,346919,320059,50845,145992,379687,485013,547286
814437,241316,366250,253910,800397,719023,736471,801250,531420,753536
436600,390294,632477,158557,794199,431680,469436,359855,95415,188235
836934,785549,641818,641700,609110,57040,263201,153373,550696,74073
847724,398449,788125,319240,436705,711880,816592,673481,93999,340391
112778,495503,360513,667910,43859,305952,428798,314325,856212,512929
466443,630931,50948,697003,86918,465701,226268,438635,180131,484231
483744,677175,891482,189683,307337,772375,557465,460602,634629,511396
797380,328951,663133,357398,18083,763702,469072,239094,485994,408869
716292,711934,879542,282347,17385,242621,580456,624558,201974,167472
757589,27839,292552,279238,877406,643654,141586,846620,770777,887524
786737,519633,65756,58045,14400,208760,738953,649542,192858,536421
92845,71087,889882,823819,711755,763968,397189,608863,526936,696529
104847,433003,814528,54178,40608,3105,587083,637786,406651,819786
670959,150096,734472,569202,371784,334785,113548,791494,740591,19582
272304,663410,92263,614329,635353,781819,838696,175166,804074,745751
816016,693830,145024,810201,173719,619866,720223,326078,864696,463280
853451,427612,217386,820672,365055,187608,282079,365419,140607,657725
683581,475891,520655,699505,197194,664878,474849,221817,250804,16731
395859,428805,590198,792380,330305,415144,251930,544469,635694,16683
744576,64616,90395,636369,111023,267856,347132,144744,269516,675259
76489,523447,375848,182285,589914,706395,884111,241103,158189,16716
523084,24051,425351,468359,649902,99733,512168,49450,859434,75153
329205,202835,80192,491257,101129,86172,537222,635542,172260,206957
125313,816229,174864,157430,443463,468053,760656,289344,234301,539407
883449,508804,141596,172451,873969,269524,785463,263657,736375,190406
359911,145578,44944,124113,106333,507912,747234,206956,354466,850670
78561,733950,390805,726217,367313,804973,623854,256935,97779,228725
316592,688713,139401,349567,591594,569854,839883,767561,514613,261765
119037,615403,373838,840138,245542,872727,272554,171089,431293,558867
675053,333011,128463,312807,649994,745740,825044,500576,499517,841436
72633,668071,421738,820977,161802,610831,379015,77918,354206,523079
120542,297587,819732,324507,809283,547743,13364,633690,724270,376054
444384,358547,306902,898514,221011,59702,541113,402895,517070,418536
858710,274326,557228,695501,429810,701402,879862,775672,367689,300583
857898,148474,384160,171989,200389,175574,671529,826764,146069,290450
639747,724992,317688,830686,818200,776555,436497,433386,666602,484501
752753,629082,349790,873617,104253,584187,692838,613464,558262,466145
610993,25014,762350,151633,706195,506975,152862,646066,105065,122740
239144,584145,401866,360062,504089,9679,557302,323805,12070,264347
335422,603984,817083,135094,68947,814068,216694,621414,273717,176436
603180,502757,78029,320583,54335,791303,577803,558055,507107,310072
109641,797115,25122,72232,859950,377272,16620,551235,809111,523542
307315,676497,223530,432416,382964,477449,3123,388772,138525,51125
334552,67827,152901,644025,248912,885437,767761,733254,146510,341801
398509,356963,583741,461866,376819,687071,177430,284666,9850,856888
781687,167160,639829,512551,336091,762673,21109,696098,629243,584388
403809,382761,665922,229183,321974,640964,760115,337792,846634,96885
131944,465903,103594,613157,680467,518745,560936,808681,236719,376547
30471,62206,508552,441757,415244,67354,806553,630026,752652,748266
466116,586392,431071,117511,669821,809397,713505,496948,296919,66115
80695,785776,180720,782290,444670,868972,895851,164441,245803,484095
459841,5816,665441,317874,604831,263901,254227,610835,688971,284758
163791,746296,495765,184628,293676,333106,349907,336035,676817,704061
682786,36014,8481,855366,595035,5196,399773,504070,770821,304684
229615,834634,413429,771876,468972,366544,95078,781362,808664,405136
152506,367258,285233,3215,726646,538101,623932,657885,65544,518418
333746,812853,663160,190490,788643,427455,638323,574142,745632,560974
629206,207914,410483,195022,67154,851010,9889,496674,539040,489594
368715,218304,1912,485576,810716,104057,242945,484219,89886,107774
616125,247379,772944,409540,2266,480273,492667,485976,809498,559863
787139,732650,715876,400772,589341,492023,112950,89490,550553,783105
811259,506948,335773,240761,141503,239855,100510,348996,254694,891460
596512,535305,244187,89439,835338,249945,711795,188146,380548,358387
725367,39703,689551,674765,790784,464178,646749,792004,562841,44273
105385,316130,689977,619697,738704,754748,122084,754093,403272,660582
676560,164774,186279,894367,436078,643108,179008,247781,493926,749031
44420,326444,450373,85709,805786,140685,682817,878329,62570,122809
807158,119022,106901,346928,450956,115272,562447,362623,445586,39942
210190,118623,641676,182142,834727,529612,644396,48848,771937,305579
459830,627173,648576,49202,373263,1220,261007,800812,216024,147919
85487,744821,282065,302356,125629,553576,247246,511014,303587,421790
39449,103236,466228,801907,659530,699952,615392,781960,518796,452621
667246,25870,874576,817636,611378,29833,734899,277936,284792,801157
568564,426884,522082,133361,38903,491130,179904,813760,574230,423357
785914,247497,873924,31982,30365,483165,48288,498980,11662,578292
288228,789790,819888,750220,146808,7481,630350,24637,700176,496887
471463,316875,627898,671883,311516,370398,245492,855921,542538,557749
634183,482239,661852,709699,119106,595725,851333,828367,72751,397598
518082,6664,526868,813618,37011,760516,744583,416378,851339,637251
529501,319110,326887,634196,593903,224673,739606,683027,574266,382260
818416,503471,532334,312210,310402,863259,680635,97825,851914,684496
629023,68180,141338,709468,875255,32168,158120,708777,190624,718849
189027,254593,760060,329910,722367,896045,398786,761874,107816,704931
154689,200391,286953,462143,712710,711313,457353,648031,40968,794713
441006,401599,176980,861371,547717,289094,110506,585544,517331,388244
2680,290764,856277,823205,195927,205303,162029,734863,396280,803155
376705,796329,709686,374357,763680,671265,720699,826122,374403,724599
637623,646074,440178,299718,534502,720345,744769,361265,475919,615258
417802,197971,820762,575314,678445,463205,478988,780106,804808,271685
122620,558817,784629,897608,320779,339973,267386,411437,58018,493203
507889,446800,866621,628473,841957,652541,723403,619895,829872,578061
449246,500558,129665,440362,365886,271003,235888,183119,234132,806443
640065,537604,824809,104896,658543,499948,11805,198656,423042,113941
813393,287154,689555,90425,565895,211833,258718,530502,815061,738791
156169,274933,752104,277168,177813,750832,282987,632526,67044,178406
642191,715956,223166,506416,731917,75358,117887,776030,414378,214879
458164,72663,478447,258884,540011,120038,651425,377429,150131,681841
176437,284608,502432,216640,792734,140029,509577,630015,211460,72488
486272,266337,640889,382115,242473,705393,627688,306873,131595,598380
791512,323107,516335,790496,15365,639144,611083,285129,415901,883345
714910,781118,140777,316237,261773,238143,19569,197594,271283,38204
538158,777087,851198,478785,53509,627159,12975,777122,210864,101058
721817,448259,454659,327511,262436,126569,820659,336592,531030,360869
170183,769605,595023,632681,318351,806296,773718,809550,261403,339509
113263,384881,722262,619282,687778,614345,535690,759504,382791,84633
417775,490988,105611,511765,714690,31958,415203,566426,203971,658246
67598,55785,565010,750400,215330,93019,242090,814313,477721,3307
258358,248259,216940,843285,18027,693259,764515,496754,230587,30039
58958,571472,386300,116261,661709,752391,300268,552721,360607,700625
128492,175513,395534,288325,707279,438442,744254,564561,392501,667812
274640,356604,864956,168587,296577,762134,821018,85146,237084,16118
333925,119197,484053,623223,461488,663924,332030,559598,647118,98568
464750,450614,659467,11652,218975,680103,285541,384138,688072,818277
525562,773759,220888,725114,477633,41519,311704,851194,83590,846991
296513,693186,290636,223204,321783,618881,714920,88978,862168,346864
568561,536702,616246,704419,646774,828964,863982,611200,788519,663979
602335,857808,700914,425707,620892,652837,263046,894544,886621,502404
593067,761967,512715,301304,215805,3625,232607,103553,256753,240077
248773,645845,100804,760080,618118,457966,386087,407131,809352,156379
258267,227948,304050,731236,66593,414377,422020,636275,143286,541441
540426,750579,796350,660905,553464,579631,237319,315222,95778,89590
117612,263881,823567,151793,619724,349470,751797,746693,71886,109388
749904,267908,750669,484355,249463,766929,877733,664224,446338,310935
650270,134934,413664,230543,649329,233191,107818,869201,522429,162831
213008,229922,410120,722266,363706,183454,348154,890459,404305,76513
331548,612908,822472,25257,113034,156758,586992,344881,71284,326612
91758,695094,28791,136148,514737,753684,249972,674448,883245,295331
489224,823210,141025,572874,117891,111576,654898,728906,143682,695440
320543,659398,50053,740949,290151,471942,150021,119268,443017,737800
520987,178586,44774,3657,271977,869556,499167,140916,691209,401381
660259,485201,661001,551577,256561,541033,296018,462962,180373,835849
594807,781390,363342,609961,201188,566037,717255,668561,345792,28273
478648,47431,774102,506132,681013,613034,76562,50256,711684,496785
484558,795910,400410,64289,132438,107967,778903,359575,639298,655897
702979,201353,823663,293067,118306,232771,222351,437769,112088,629107
800068,184003,416297,85056,575214,401863,430654,34090,457541,393809
393760,604513,695213,818826,283383,581164,150502,97167,727277,468688
497737,36061,75492,528057,542137,72889,893746,879052,812939,4502
219260,612287,550141,655667,291557,441290,243094,835159,695274,183123
825324,466869,733018,451537,381224,304702,555351,289705,341645,719709
663345,486356,821450,43135,429962,463930,604916,29541,748969,645055
584513,435421,671587,778357,594891,47811,676115,639930,330699,825356
530626,246538,258922,881901,203174,654964,408489,12695,22931,690272
835916,168979,416978,702608,66946,426888,370040,560893,357115,559788
769401,586484,802066,845385,745951,496644,40451,432801,656432,90775
723291,755988,314625,153847,634002,880993,343854,405114,324011,17677
574494,203919,679627,646772,801383,515078,660084,417747,378761,168293
533811,327788,485132,110338,523479,228078,476013,465772,135398,836439
258325,247292,237056,79614,448108,422696,454944,125188,132332,180515
317124,184887,331146,215309,740016,190822,436293,6075,389537,822543
52625,897273,404017,606601,313682,466718,681158,516645,346932,525216
562806,575832,209859,795765,745289,315772,787749,154208,245365,837759
677666,717321,747655,99137,310362,561399,146784,665138,827323,410131
539745,193185,433395,661915,824477,174758,717475,610913,833965,47752
357173,570266,143091,440657,365904,245780,389881,329852,472772,26702
565006,675763,208746,303504,423643,245477,531611,250760,30141,651779
370812,294301,898297,448161,525989,201750,311488,281999,766451,380412
28300,664989,576783,825466,35752,817962,45240,127903,352489,478085
891888,712852,328520,452928,371337,865144,404863,181881,474694,770322
412298,48181,879720,334049,194836,282528,247843,102322,234780,87476
514424,658462,206777,114929,5004,430534,822087,415472,689539,865485
431333,176637,253312,102477,545606,791606,829909,114615,769800,371030
303764,575040,156899,342867,821628,267041,97979,541208,855493,500150
850679,792039,255747,194881,203745,398019,792710,164237,207988,327666
720159,518657,678649,408385,607288,546215,608280,54672,604949,746223
36244,652769,462786,493472,725926,2786,409539,397083,738148,835124
441279,161745,438690,398575,337019,315812,637755,195055,611955,27312
337592,270935,58071,267533,210507,269801,167426,219656,253352,82412
112234,465076,54316,54079,26848,6289,626755,726429,176062,610259
494336,251155,659986,406450,743859,508089,150102,516170,330889,163065
759410,576733,380229,213664,162506,815458,318072,776677,95796,457284
722845,240291,159882,351919,763569,186205,258431,716145,25945,463240
35418,46595,362902,191831,510743,405072,145601,194259,852892,294459
833494,31401,210441,347219,200569,331066,438367,308958,691883,745040
198712,372053,196795,379884,828613,449809,461630,238658,136010,763162
822201,520152,633353,341508,385827,704894,59572,420744,218732,378223
344232,168294,435597,297614,817339,81332,649478,194384,307399,273184
698688,343958,100059,163109,113940,30227,72890,701855,501230,519009
476028,650880,727496,261630,530741,159604,785295,644734,93005,85631
759401,576307,242120,3366,772310,502175,160966,140189,559839,255945
673463,435201,643070,745197,792920,210762,608991,253214,430468,76244
188665,135390,834553,828585,698777,148641,74242,639069,96041,224215
337736,566283,898606,315564,619451,590439,15397,134776,778273,84966
107177,458419,358592,185576,477580,659145,631545,126433,846555,442349
892529,152041,886407,569250,373093,246956,147686,101946,100843,154110
863569,603414,333508,861347,229374,238817,229429,295225,341288,511732
842995,156209,661000,178835,335474,68255,245016,202839,539834,618158
540698,258055,230864,751261,778982,70184,192744,789363,274812,478646
501813,425581,589171,690983,396006,836389,483110,228206,341999,94786
482699,650939,370847,35759,178845,897268,557461,324084,580253,731607
64025,455857,209433,512778,667977,684961,532415,816540,883340,465165
127927,491752,497553,643171,637865,726626,679301,568336,483979,160776
737752,106081,509314,719754,648075,847821,414625,582127,841517,736685
294217,382236,238593,216765,617142,562010,133090,276713,606699,860030
113279,532596,776708,755447,62255,405734,650068,597556,171443,682244
420586,84684,750539,315742,45109,123796,709787,572079,25899,701277
315309,847459,214013,549731,449763,624649,779926,84813,319418,214904
239321,556269,714030,471933,415473,223222,634006,581892,91598,851883
133148,595735,484111,406000,253995,241749,7076,777646,519983,117493
576600,29052,775376,732540,529534,163211,44317,882547,684441,862969
51382,861944,37949,829330,128856,689863,704688,670845,196821,824511
852258,362372,791713,431891,148637,672387,483067,719158,366103,304152
212953,843698,21034,636684,261180,267240,84287,142338,388455,383965
340425,717928,257040,616193,728190,673322,789749,32470,517212,210557
380769,694326,76108,192970,421774,307643,225345,233254,34354,483737
734538,11656,601259,860096,208784,168438,241679,130624,209423,493912
530018,224529,21308,104041,721910,898279,441046,575365,544436,349074
331100,510114,324734,255179,366074,552017,423734,708638,164632,230977
597517,143341,645853,209672,289635,433035,873639,29417,280951,532445
356787,343873,469436,61758,644199,730840,472976,311516,515371,610921
346926,102164,101532,10003,126582,792075,375286,320844,766854,165583
639586,164473,23602,717243,69474,742010,248170,103339,773225,606265
428770,713302,89877,21029,35124,661704,73454,849290,297979,106788
294895,333947,799,308719,314936,578925,34228,691385,614543,839344
35406,440532,527568,445613,156350,670303,544522,287407,541366,839015
516713,493213,243527,292772,841906,586225,549839,634949,209742,783761
175705,487759,881557,512322,758625,225507,415382,343664,1089,389670
338502,744991,144971,482136,713484,124482,276707,768037,410483,355726
438833,840308,79373,735406,806182,517639,684317,428698,492641,599119
140964,222778,305562,293119,64555,774518,441460,885290,100710,177593
536692,478842,837277,384847,797672,466371,242473,859435,792726,848438
419280,315308,890624,38104,133083,290253,628241,784430,347615,101061
129915,89010,391455,188848,340562,557648,192935,248035,792939,818932
91380,18288,5104,358602,44142,85313,479922,156186,717946,552715
261493,120805,536544,374962,552472,160961,1913,131260,741954,636177
194121,785785,776341,582668,478965,270887,108786,545155,166344,153630
767943,514138,356517,756748,702567,462102,786141,291566,184148,503904
515007,522864,737561,788897,420297,246156,710106,330551,844804,88116
572179,344420,99977,295926,312021,761672,191601,334631,105056,151052
384029,870996,436728,702126,608462,74853,282546,153584,516455,676276
610798,761190,293212,885141,772956,306979,864460,313833,151347,55764
270613,186727,887064,194496,61819,85716,262487,234355,500186,489445
326319,790021,677700,762313,460341,665639,158084,314004,670310,519304
413370,52490,808529,332183,254796,185901,81532,313365,693774,836880
590984,753634,395449,656970,854912,348626,176780,122456,589887,1010
50786,412603,241680,682133,226611,826452,140654,35017,467742,322860
591132,91343,56266,293565,660374,22842,182872,361503,453395,891865
416114,525903,705927,765173,136356,660912,744934,478655,637030,304009
622015,630300,200308,512712,642209,856956,8725,334503,815214,62283
133094,323777,109615,29294,233594,471901,70864,679025,376246,371773
243408,189731,100919,783240,84302,146760,27831,336612,866111,321972
875801,464929,436864,788450,778317,737300,806255,556360,71963,601070
561785,797159,834387,845104,13811,9046,72049,306115,274834,42439
687615,369006,50047,373420,696596,475513,149958,366998,403776,476014
309406,718831,311772,163512,183365,196616,597170,85359,830369,121729
444160,474637,772887,719030,176721,157611,625905,860594,817934,361759
122923,275077,324272,370299,186314,616154,22142,229095,635233,785683
172951,714596,99548,539859,99959,438916,120223,787960,633127,199021
11292,733635,387508,890741,367661,58978,313509,838697,811880,79259
239707,494208,303901,49626,216480,431564,410768,694672,378648,67231
486607,172904,185839,487972,647131,429882,284756,523428,33051,77962
185743,238037,170411,59364,653564,76746,20205,686226,868774,882781
492322,744498,758188,427187,297048,568240,798533,744060,303511,354915
562067,374915,306181,149476,614212,846498,884263,289196,623080,761079
645985,666116,839206,456334,285950,849149,530197,93043,599473,849643
189740,229955,820797,380653,250956,102388,709004,214116,836761,892566
651607,56726,470006,896432,167876,770493,294964,311571,597010,864944
870398,702991,427081,169694,494439,6028,70487,356110,625267,132110
378071,815244,831420,524460,539759,28585,293453,553701,389502,247505
39629,831464,548205,266507,68461,334409,238257,831605,528039,723894
331155,209392,679114,545600,717161,753348,165903,636905,143553,804070
565008,459024,743111,87356,223404,423729,434282,628091,72390,626867
818882,715457,787358,184027,267586,571145,502144,86419,473704,650257
632141,882616,37630,172885,285430,897021,250785,850038,313060,142694
462803,853219,539085,256187,855711,635463,659990,396502,418591,354669
580100,305595,879408,685119,618580,23670,675371,40242,269376,203902
395566,828904,550783,725251,675149,872912,540652,817725,378991,311964
562315,334256,403618,549710,176195,189534,817804,281246,350851,756312
400729,606708,547168,507118,784810,133834,536458,297680,874451,879495
642554,573123,288067,803903,723958,602977,609238,276773,365251,770115
351436,214808,422162,807733,416688,276557,48450,78776,797153,631219
536390,80387,501490,469258,522819,829574,187609,845642,539327,167766
836414,482098,248155,208568,747238,104377,702806,506080,785418,697375
376754,670191,570442,525017,791263,192810,479972,449186,201576,145705
885027,238829,47602,785920,11549,181295,223364,49505,615088,360354
694413,601066,247193,183506,624403,132733,7855,613276,405246,548604
317264,878341,581505,93214,512721,181866,529644,465999,464286,796879
138702,479151,794208,735066,535496,513738,541049,394481,336485,588885
312722,712783,664117,760990,626443,751914,76417,150988,859080,788641
725454,166889,777467,335311,833511,677368,700764,439,112033,276702
67513,196949,697329,372680,100369,328999,272206,475319,756826,151609
43969,410353,599848,602091,839528,358987,208866,881991,29232,473965
355971,588644,460461,366271,190808,267135,663887,309550,386948,456160
516231,845275,502457,399955,633145,517402,816078,20955,171551,124550
240614,648400,259874,241348,596194,141183,346094,876076,101191,562621
513575,579097,713199,644615,566958,154839,840808,795643,179617,257282
348754,706548,769906,531630,332364,548490,4343,579462,506558,480921
459978,266032,651463,713403,78776,548312,160054,896186,181994,450821
616017,281703,103369,637097,732520,343549,876007,474144,772976,468398
399400,238247,880771,506596,105039,641271,714729,14856,604228,84163
258698,275586,171544,413816,242637,114869,173694,77608,346900,210805
166540,549152,789102,751489,569078,501829,600498,360617,578196,843459
290034,487840,504378,349097,857896,159811,760522,7087,823419,630888
866544,646413,722798,260791,500202,687878,789966,651685,797206,387186
16156,648272,40149,624345,608192,415048,259625,153124,358849,544031
257002,471226,84032,760316,776293,643484,677574,260976,672943,86024
600456,698930,287280,496509,741068,728741,573440,237908,658254,127281
703813,876709,555317,50606,767540,210283,111314,814470,267051,1034
449519,334819,451047,234274,272239,400736,748353,487751,76709,397109
796502,348629,545238,402291,562588,773740,408094,635938,788308,570732
267621,29334,585046,888717,420643,93348,52772,664252,597713,551549
705555,674323,267041,46253,252618,280383,576925,458961,862983,572507
832193,191772,616175,686100,523466,716089,311204,898564,628775,37616
417485,45340,601922,774525,432273,488262,756981,380822,224524,561363
830867,82330,836161,817706,333246,290342,12136,797563,704406,457178
618111,52472,349393,434848,599055,730187,228609,856715,504444,275556
56929,511002,156,296997,44173,896106,356335,493677,745403,840634
812276,671197,92235,76707,221419,835782,763771,547054,90611,17181
508567,376547,10386,226222,427314,422942,46148,384755,765126,253126
572416,75797,368799,286110,828512,633451,538825,157563,205590,250734
466546,29733,541195,894784,788164,585992,311722,513729,776461,872315
328623,322429,243332,354137,706220,123039,354317,399696,425727,724988
412443,530071,320980,641567,797098,408871,291335,416140,465053,598706
130579,217836,739167,35358,71152,11909,62429,848026,42913,775997
686605,780014,80520,288196,200369,16283,609627,177143,796530,751812
684824,830457,570657,618215,119308,755468,338260,158052,173143,450621
402366,376929,599045,864186,452011,257123,247160,787697,398400,729902
358814,694966,399467,703779,794029,853631,393261,210783,348672,141547
425247,196906,686292,636494,34798,594449,249801,835569,645850,493660
232012,727235,397911,451513,99324,669531,691358,474085,729769,713507
76585,680585,776910,752672,470151,442086,557954,63179,18241,689611
101610,173009,826427,732245,362485,349876,15721,471651,725343,645271
128106,308720,743097,149874,575156,202659,429017,137413,727779,686732
130419,605834,500809,637448,563144,408096,648441,861335,583309,208240
354117,852193,551712,52332,671650,211617,705835,12159,540079,227317
772826,414720,115556,439459,135397,553812,769734,79993,467080,47234
202142,439670,766585,521833,813364,123559,637819,591995,359384,722983
173639,853484,807494,215587,882508,113682,287535,673049,366442,45760
220985,277493,177840,773197,787439,186910,767180,683743,578642,479930
898192,686415,345099,427803,538901,439505,453830,406089,142984,421881
51200,465677,394244,367344,195214,551114,541963,424594,850817,149497
490385,260961,446431,452827,567154,266161,368607,442381,202779,363289
580055,505595,467422,235133,492079,186278,240736,112575,15472,244822
140689,370282,496950,250961,85228,92895,575557,454705,743966,724719
598277,377342,397991,516623,299516,682010,885585,313582,71226,780688
76739,166995,618607,437917,5141,171208,601428,139821,392949,457038
665399,55294,161751,162714,615514,432418,864195,843649,666067,608547
415404,435215,246188,726267,603393,297735,821011,787965,220094,246701
104665,720655,361986,693231,177344,624555,675924,4781,444247,374024
163564,579268,485019,852267,187660,813767,856193,473428,690762,424571
256465,750179,73386,330487,747897,283301,297819,305498,739625,800287
553599,403505,746599,21686,326663,489002,156033,522578,138526,663921
434605,105641,669953,687418,341392,506697,735301,705373,4435,342301
603521,624623,202754,443448,550457,726768,697850,455942,149234,764738
354730,802434,688539,230558,504101,60536,468703,857583,461927,497760
207205,213325,233405,472442,238130,233860,390436,116609,873480,402874
555494,795875,150308,320844,161920,12482,335042,669879,637589,448183
870060,220268,613322,729518,596887,589567,620470,389571,874145,272283
766109,27096,662496,158663,620092,735823,637277,286949,162421,625145
694294,817662,736400,185498,610124,365986,633615,689143,99164,432252
808404,317682,134523,487207,595432,227207,458192,304183,522460,2677
196782,625023,485494,692043,428640,862790,181543,273956,608823,81498
866083,283432,336974,892374,12011,76105,668878,831713,210273,547524
773767,279176,846758,71508,385865,342915,144975,622616,294210,761082
731366,156863,794386,44808,744945,25473,773079,629992,89150,368167
449730,525080,41510,573625,99362,286736,787745,525812,88047,458693
811305,708189,557635,165631,440658,541085,267510,264469,20981,184390
603201,817498,409054,603254,542427,118025,835863,681998,781827,469987
668780,342893,37221,831702,826631,893527,238215,271816,410368,248759
117433,432297,350334,181762,723664,518978,163496,9691,341203,716815
701411,426678,472419,527512,288986,872918,756386,77448,345071,335993
577614,240493,816348,337237,642955,18907,111003,247628,223783,427468
554297,555790,654645,871854,296578,637475,600484,151296,645697,535991
323988,224678,554542,115042,719423,763503,641553,618567,795272,427190
187809,601916,846953,409924,178309,117279,170361,773000,493468,240574
668908,444314,470641,550787,533043,302046,646931,299256,858300,46290
111674,829259,540014,841593,873577,192391,293214,99546,766185,266274
718936,738497,108443,469937,734838,648490,350898,510125,626739,533149
872417,509552,41930,318897,20081,867398,59121,177998,450333,58011
85860,298369,433676,540908,61287,810134,192514,207628,421980,16456
78334,465194,612535,69644,879049,413797,188491,427248,796809,37991
174392,529416,444234,256907,613318,142742,341373,300148,138192,728215
438638,706821,159226,307173,724458,28217,86753,168767,373459,605949
752711,440827,833694,103064,807245,392757,42364,387000,524207,810658
119739,19256,511847,251177,503689,102645,808929,624288,527731,830773
324678,556022,350213,453021,79112,861831,476751,537856,490153,747556
209319,897505,378417,282014,64260,356561,853289,714354,684771,58183
660782,197868,312676,558171,181357,863862,177796,636998,48702,195756
269218,165000,755902,266540,401806,187693,558136,496054,861804,767239
316559,803302,840562,744988,884467,804159,248392,239736,801584,235584
731957,781643,673458,851453,23568,644977,756885,520277,709034,351884
182027,105603,695531,724327,120930,660044,391970,55509,341492,599535
297486,694909,187095,708733,709037,765016,86239,381830,485361,458380
199308,855925,119672,471267,545149,74449,110147,838210,443584,494839
450165,718741,20464,514647,843809,281875,461482,282333,527585,740181
45996,557464,437787,536135,343768,32639,215934,235613,507044,275796
388866,470687,566866,640188,576852,673425,667075,842268,872136,377733
72908,351576,595698,554835,705341,397564,11807,109355,689906,291731
132199,426226,81846,457582,617061,638654,734101,440583,575684,69711
472426,621801,761617,398944,536876,253505,440524,769037,475145,282896
877096,92305,817333,319039,118126,566689,327042,347524,455986,316663
430022,793127,377779,329227,615162,499082,113240,279968,655234,93249
892285,81144,279493,724030,166241,205685,468393,357360,727054,858909
820534,674545,121290,727944,751427,739497,585412,766233,19858,840869
172602,815523,450082,657823,162089,628696,832116,45418,237139,483292
472766,475087,199303,99631,774528,630776,794206,578379,347572,35372
558545,192373,250281,93523,394867,523361,516600,429959,877230,702132
263037,870012,248712,462769,547185,103890,301080,268879,608936,760521
195278,111018,166805,303436,224055,166079,109146,839828,618772,321010
558849,584583,45597,348087,95564,248831,235911,385766,184623,78751
412567,563087,210861,313020,285317,31829,10800,788568,158541,527184
718037,629267,617215,767102,179689,724306,702078,374456,137106,244248
812000,824750,864277,256175,805628,604350,450326,763563,406026,39009
33319,269985,328601,87271,262458,310645,739528,565063,675698,690113
449886,168769,545483,297003,673816,593626,866109,623120,793846,889322
75118,859946,427581,119757,451696,576199,20656,14535,149931,742761
666575,668783,27008,577807,54425,308172,525577,687077,237902,566892
131918,131386,43381,390867,122421,542017,164151,593152,550475,398857
588174,634759,370588,631966,832810,327096,623462,228912,223590,193560
533377,434025,664040,578817,656735,118563,238729,428508,496224,214541
781236,744610,44955,373880,828896,444216,6630,164630,264017,768180
499969,576247,661723,180186,524337,540728,112129,98637,623865,817524
880453,9130,722946,795525,246959,825314,407662,760130,521359,398888
528535,240748,590019,753602,27132,234213,203045,552691,356539,775545
503491,476832,750745,873877,733391,605852,888682,882893,722801,873419
856762,700847,366581,126494,232725,624804,763184,112334,22228,782054
274342,891665,764302,427884,377687,825151,847573,632917,846708,572947
763941,794,653488,850630,161413,520868,53603,401124,682797,45537
769853,814096,531170,774268,211474,523006,480773,443488,325501,422576
49559,103561,307868,836412,283774,704124,360455,470465,260398,763180
195203,97706,694824,173882,73004,634221,529642,725135,770957,333807
375921,274688,449973,69167,246734,501231,698533,848814,349875,294395
858858,36296,331072,854224,111247,387582,624426,780611,401203,438568
583618,109548,664775,423760,717522,552627,681325,871634,351213,823848
120911,6926,220086,47609,794322,519589,433412,778684,251521,636649
657860,323620,747664,309590,510860,70346,850011,540795,363799,466835
709811,792331,734230,421430,665546,735135,691550,587581,512115,288981
285040,388063,532784,235443,515648,84986,483851,777786,449688,549196
259148,171292,21881,458342,299969,211492,628196,222070,523434,37483
39291,784006,713511,423479,335150,526757,795281,741111,793190,817224
690793,81030,475506,96377,161950,236849,807282,302115,105463,731482
151812,873410,614566,591184,697885,696423,805619,866647,182493,355421
634217,334029,141841,476532,746385,277735,893830,895826,122913,893486
66443,198507,91799,778247,235117,440305,414406,804632,790661,717495
9723,179450,211260,497464,212820,472377,541184,79057,828627,479844
475041,458469,783067,17367,581708,407237,606020,88558,490058,891771
839733,41871,198680,111611,342218,879977,265199,881479,157133,740083
358860,5674,77415,131032,568366,93929,72142,501633,449144,710660
475686,617278,750901,846419,573940,373743,811069,261476,197491,572218
267171,615751,202438,803801,589772,564690,485241,754145,13399,885932
115999,16653,524807,619593,818056,131857,190206,205950,886799,518619
223081,127995,894879,606724,61044,499367,405141,50139,194428,469991
634169,793902,731487,473763,801863,353228,347754,446266,74525,870975
416900,115090,837828,488801,697430,293977,383634,280919,690711,147245
266415,89045,426105,557756,355017,340689,733877,817568,193712,115265
888850,113843,641156,653191,753415,727433,197673,714266,749677,489698
119562,535566,799365,467448,784684,354081,176180,328779,482711,474354
1529,849397,258598,382880,748763,657394,263710,856722,589751,134468
835956,887237,639900,56147,749203,729403,257534,7337,864168,511731
695886,82665,675409,503132,252776,212359,589175,608131,120296,476737
290963,94017,748144,374269,28697,391875,178548,702517,554193,574155
226644,350269,541216,374145,833644,776131,803637,335774,891247,15205
36609,316386,290414,281186,875738,503497,551250,679672,530880,841469
500027,694730,642018,706444,747645,786679,85105,504397,438253,35405
43237,695200,250628,333331,534314,286450,718551,684537,288427,250823
630321,273823,207809,819599,10706,492726,885899,169206,255811,692675
519576,460896,818493,325367,56154,648927,400255,860464,681048,91191
786333,516852,294594,109602,780996,778221,49004,184080,373756,536426
114294,756792,13890,93552,348572,319670,622246,34990,873567,757552
884448,463745,494325,215680,781452,703829,147725,86030,552291,652134
462085,590845,492907,268866,325865,821195,321527,867236,756245,686878
573770,483722,448147,749272,602311,354005,438053,480011,369240,840479
241649,106775,581239,543100,38748,392570,530770,140074,706998,208387
749286,153364,128248,158675,769288,572736,270872,182850,598966,84061
457921,456371,194271,723791,44722,413337,215495,655986,141022,755870
371174,60833,724189,796194,218285,727193,807088,60154,75638,802483
156602,151716,702638,357636,91788,796980,362818,631696,536161,551839
589082,651454,109993,651006,33948,739048,327555,150999,870735,274131
775019,409377,199391,689885,192939,671078,239592,402477,561406,262225
497392,899463,269268,132409,840262,452675,646712,768984,74186,517392
442758,263073,795982,456406,207696,461361,550736,824274,429186,281120
336287,67491,34384,683000,456527,78856,266580,368317,255147,811014
570965,600599,783834,121694,47101,857096,825343,571858,191937,271206
809883,636751,421282,669936,282828,524557,540007,295207,48324,80867
327088,72591,625656,240425,121479,878316,543025,159352,676364,304899
199873,171294,459023,521343,863259,633015,419159,309472,598102,152224
237792,361896,603560,431519,36575,353188,728730,79856,400445,10555
595515,634677,669867,22250,2463,254422,19314,62337,329767,328928
216394,493749,631912,75418,857931,72118,498231,62079,218114,678313
149282,349195,324911,765245,817237,313327,127392,283476,166031,5523
581143,698593,612643,329895,739293,829035,624798,51198,343454,461207
464891,370531,7302,421296,677719,553193,879660,544992,180368,289509
339760,815185,454881,773667,796225,818644,30418,530113,792874,573020
669673,314372,661321,889226,196404,816914,350113,589990,865573,828767